country,product,n,correlation
Afghanistan,Bread,2,-1.0
Algeria,Bread,1,-0.9940580192176464
Bolivia,Bread,4,0.6523309553221416
Congo,Bread,1,-0.007457583483304438
Djibouti,Bread,4,0.13879947324048394
Gambia,Bread,3,-0.006337766910784462
Guatemala,Bread,15,0.19052497841748783
Guinea,Bread,4,0.19145498975010553
Iraq,Bread,4,-0.059772978219077816
Jordan,Bread,5,-0.0008264374703985039
Kenya,Bread,10,0.07485312080389527
Kyrgyzstan,Bread,11,0.06629591834695397
Lebanon,Bread,4,0.06038100446338358
Lesotho,Bread,6,0.04302733169756731
Nigeria,Bread,2,0.1779840217603892
SyrianArabRepublic,Bread,5,0.16826456597081976
Tajikistan,Bread,14,0.10925893632048062
Turkey,Bread,3,0.11924016145864642
Ukraine,Bread,2,0.1073339572523271
StateofPalestine,Bread,2,0.10795226114845514
Afghanistan,Wheat,13,0.07088139818928865
Ethiopia,Wheat,11,-0.08040432623219806
Guinea-Bissau,Wheat,8,-0.073862420213137
India,Wheat,22,-0.3354974173884754
Indonesia,Wheat,9,-0.3365018409205748
Kyrgyzstan,Wheat,11,-0.31558989704884444
Mauritania,Wheat,8,-0.2677867370481559
Nepal,Wheat,15,-0.2462842440218048
Nigeria,Wheat,3,-0.24619580924482157
Pakistan,Wheat,3,-0.24632216288418063
Rwanda,Wheat,8,-0.24001119353614983
Tajikistan,Wheat,14,-0.22139826174934651
Yemen,Wheat,7,-0.2176203196664385
Zimbabwe,Wheat,2,-0.21630733664378418
Sudan,Wheat,7,-0.21104179454631042
Afghanistan,Rice,9,-0.20863544762458203
Algeria,Rice,1,-0.20864596171294839
Armenia,Rice,5,-0.21239891568950212
Bangladesh,Rice,12,-0.21272648589157203
Benin,Rice,13,-0.21025755439492438
Bhutan,Rice,7,-0.2077321889173756
Bolivia,Rice,6,-0.20894523834581782
BurkinaFaso,Rice,8,-0.2080200310067809
Burundi,Rice,7,-0.20847813952565292
Cambodia,Rice,13,-0.19853869217861403
Cameroon,Rice,5,-0.19639957013201106
CapeVerde,Rice,4,-0.19644285131939096
CentralAfricanRepublic,Rice,11,-0.19723508865693384
Chad,Rice,13,-0.19750730595545604
Colombia,Rice,4,-0.19723094041241904
Congo,Rice,5,-0.19879759589702772
CostaRica,Rice,9,-0.20111092008157272
Coted'Ivoire,Rice,0,-0.20111092008157272
DemocraticRepublicoftheCongo,Rice,8,-0.2015360145051693
Djibouti,Rice,8,-0.20087362492524907
ElSalvador,Rice,11,-0.20029587591190057
Ethiopia,Rice,2,-0.20029683199726192
Gambia,Rice,10,-0.19706927824447232
Ghana,Rice,8,-0.19706625666328992
Guatemala,Rice,15,-0.1959883038565974
Guinea-Bissau,Rice,9,-0.19638028065721355
Guinea,Rice,8,-0.1961969154913423
Haiti,Rice,11,-0.1981346319741714
Honduras,Rice,9,-0.1978380218744544
India,Rice,22,-0.24742670651939033
Indonesia,Rice,9,-0.24630480086599604
Iran(IslamicRepublicof),Rice,0,-0.24630480086599604
Iraq,Rice,4,-0.24755410486880144
Jordan,Rice,5,-0.24980233910195768
Kyrgyzstan,Rice,7,-0.25236445960038906
LaoPeople'sDemocraticRepublic,Rice,4,-0.2514267012550326
Lebanon,Rice,4,-0.2526471676317796
Liberia,Rice,10,-0.2502379138708411
Madagascar,Rice,12,-0.24647036269026823
Malawi,Rice,4,-0.2468194923142135
Mali,Rice,13,-0.24368991753166871
Mauritania,Rice,8,-0.19135429484303323
Mozambique,Rice,13,-0.18964195576484696
Myanmar,Rice,8,-0.048648385404611236
Nepal,Rice,15,-0.04735113860538402
Niger,Rice,8,-0.047021689602696454
Nigeria,Rice,13,-0.04633897959315817
Pakistan,Rice,12,-0.04687415800751924
Panama,Rice,9,-0.04644209843518495
Peru,Rice,10,-0.04603436819811527
Philippines,Rice,16,-0.045783985785795345
Rwanda,Rice,8,-0.04554817304047864
Senegal,Rice,16,-0.04428940488652572
Somalia,Rice,4,-0.04658427129133856
SriLanka,Rice,12,-0.04573854184505563
Swaziland,Rice,8,-0.04548403374795601
SyrianArabRepublic,Rice,5,-0.045420483445471255
Tajikistan,Rice,14,-0.045199844821393345
Timor-Leste,Rice,5,-0.045111353509572995
Turkey,Rice,3,-0.045176699748673346
Ukraine,Rice,2,-0.04513103263303799
UnitedRepublicofTanzania,Rice,10,-0.044847242147569154
Yemen,Rice,4,-0.044792028502107346
Zambia,Rice,4,-0.044822893954477215
StateofPalestine,Rice,2,-0.045690016042743586
Egypt,Rice,6,-0.04566300211767298
Afghanistan,Wage,5,-0.04676292968809832
Cambodia,Wage,3,-0.04744821765361417
Colombia,Wage,3,-0.04828526641733933
Kyrgyzstan,Wage,2,-0.049143274972715506
Liberia,Wage,2,-0.04941032564202599
Myanmar,Wage,2,-0.04966226492378115
Pakistan,Wage,3,-0.048651516900266346
SyrianArabRepublic,Wage,2,-0.04912273888567294
Tajikistan,Wage,1,-0.049710276085434886
Turkey,Wage,1,-0.04973708841657406
Yemen,Wage,0,-0.04973708841657406
Afghanistan,Livestock,3,-0.04926132612863612
Chad,Livestock,2,-0.051518963916616436
Ethiopia,Livestock,1,-0.04947920550244861
Rwanda,Livestock,5,-0.05470043389432793
SyrianArabRepublic,Livestock,2,-0.04438298004875197
Yemen,Livestock,0,-0.04438298004875197
Afghanistan,Fuel(diesel),7,-0.04405048198964739
Algeria,Fuel(diesel),1,-0.044002520302263606
Armenia,Fuel(diesel),15,-0.042998047773670424
Colombia,Fuel(diesel),3,-0.042920965962281774
DemocraticRepublicoftheCongo,Fuel(diesel),5,-0.04289711734766978
Ethiopia,Fuel(diesel),2,-0.042906757672638726
Gambia,Fuel(diesel),3,-0.04277684912726126
Guatemala,Fuel(diesel),7,-0.04244028120910615
Kenya,Fuel(diesel),2,-0.04238978220824402
Kyrgyzstan,Fuel(diesel),2,-0.042276662922086324
LaoPeople'sDemocraticRepublic,Fuel(diesel),2,-0.042176652563512766
Liberia,Fuel(diesel),2,-0.042084152132385304
Madagascar,Fuel(diesel),2,-0.04201415196693395
Myanmar,Fuel(diesel),2,-0.04197625698895065
Nigeria,Fuel(diesel),2,-0.04207673949929321
Pakistan,Fuel(diesel),2,-0.042182179767616165
Somalia,Fuel(diesel),2,-0.04282731181848701
SriLanka,Fuel(diesel),3,-0.04269409962438998
SyrianArabRepublic,Fuel(diesel),3,-0.042556001001558916
Tajikistan,Fuel(diesel),1,-0.04250421604315814
Timor-Leste,Fuel(diesel),2,-0.042398749812784894
Ukraine,Fuel(diesel),2,-0.04235103403428212
Yemen,Fuel(diesel),3,-0.0422513939894372
SouthSudan,Fuel(diesel),4,-0.04232769991737445
Afghanistan,Exchangerate,2,-0.04226433743505055
Armenia,Exchangerate,2,-0.04216441612933354
Chad,Exchangerate,2,-0.0420782902893428
DemocraticRepublicoftheCongo,Exchangerate,5,-0.04203325199866597
Ethiopia,Exchangerate,2,-0.042045490877751286
Liberia,Exchangerate,2,-0.04194873461385047
Somalia,Exchangerate,0,-0.04194873461385047
Tajikistan,Exchangerate,1,-0.0419050095722557
SouthSudan,Exchangerate,3,-0.04177543406270219
Algeria,Beans,1,-0.04176747266867546
Benin,Beans,9,-0.041377364185219014
BurkinaFaso,Beans,4,-0.04117584596271713
Burundi,Beans,13,-0.040418489582668395
Cameroon,Beans,5,-0.04021572596199331
CentralAfricanRepublic,Beans,2,-0.0400976419131363
Colombia,Beans,11,-0.040000708576094744
Congo,Beans,5,-0.04005649257198585
CostaRica,Beans,9,-0.039802978794660805
DemocraticRepublicoftheCongo,Beans,8,-0.039763070338944204
Djibouti,Beans,4,-0.03961728867060408
ElSalvador,Beans,11,-0.03926314305999263
Ethiopia,Beans,2,-0.039286703367660714
Gambia,Beans,3,-0.03913399565229422
Guatemala,Beans,15,-0.038653424695197176
Guinea,Beans,3,-0.03856289885282375
Haiti,Beans,4,-0.038522459506282386
Honduras,Beans,9,-0.03822037588072224
Jordan,Beans,4,-0.03819388073938318
Kenya,Beans,10,-0.03797210342854987
Kyrgyzstan,Beans,4,-0.037825239725337016
Lebanon,Beans,4,-0.037841859327484476
Lesotho,Beans,6,-0.037773933239932035
Malawi,Beans,4,-0.03766219756708986
Mali,Beans,2,-0.037599795228647655
Mozambique,Beans,13,-0.03729539432159774
Niger,Beans,19,-0.03648661154487786
Nigeria,Beans,1,-0.03649540810167545
Pakistan,Beans,2,-0.03652943854962163
Philippines,Beans,2,-0.036537061352542144
Rwanda,Beans,8,-0.036203907458541726
Swaziland,Beans,5,-0.036191496468313246
SyrianArabRepublic,Beans,2,-0.03616400072082588
Tajikistan,Beans,0,-0.03616400072082588
Timor-Leste,Beans,3,-0.036242311771644845
Turkey,Beans,3,-0.03623769406841863
Uganda,Beans,5,-0.03613427772886734
UnitedRepublicofTanzania,Beans,9,-0.035992095838228925
Yemen,Beans,4,-0.03594566191453313
Zambia,Beans,4,-0.035912305118323315
Zimbabwe,Beans,2,-0.035902301689961426
Egypt,Beans,6,-0.03592826698011942
SouthSudan,Beans,7,-0.03616225618898336
Algeria,Potatoes,1,-0.0361439140235286
Armenia,Potatoes,4,-0.035954820867654225
Azerbaijan,Potatoes,3,-0.035830847741445224
Bolivia,Potatoes,6,-0.035623255519207565
Colombia,Potatoes,11,-0.035416845085844445
Gambia,Potatoes,2,-0.035349529808024346
Guatemala,Potatoes,7,-0.035276932725382806
Guinea,Potatoes,2,-0.035221938243190254
India,Potatoes,4,-0.036637178427123204
Jordan,Potatoes,4,-0.03652490724863498
Kenya,Potatoes,10,-0.03630909631322777
Kyrgyzstan,Potatoes,11,-0.03580959955727936
Myanmar,Potatoes,4,-0.034773096680020564
Peru,Potatoes,10,-0.03448842034496565
Philippines,Potatoes,7,-0.034540580017629524
Rwanda,Potatoes,8,-0.034186532650936845
Tajikistan,Potatoes,14,-0.03358766904169739
Turkey,Potatoes,1,-0.033590354140795635
Ukraine,Potatoes,2,-0.033553192748680224
Yemen,Potatoes,4,-0.033467639831845336
StateofPalestine,Potatoes,2,-0.033403252958681746
Egypt,Potatoes,6,-0.033458275804941755
Algeria,Eggs,1,-0.03343429123757537
Armenia,Eggs,4,-0.033237359581607374
Bolivia,Eggs,1,-0.03319256675982677
Colombia,Eggs,11,-0.03298156213888605
Gambia,Eggs,3,-0.03283267200661055
Guatemala,Eggs,7,-0.03255502977332269
Indonesia,Eggs,9,-0.03356237639437037
Iran(IslamicRepublicof),Eggs,0,-0.03356237639437037
Jordan,Eggs,4,-0.03338193125292319
Kyrgyzstan,Eggs,7,-0.03305734091074468
LaoPeople'sDemocraticRepublic,Eggs,3,-0.03292147702235635
Lebanon,Eggs,4,-0.032737709757230185
Pakistan,Eggs,3,-0.03295635916985522
Philippines,Eggs,8,-0.033077977174670155
Rwanda,Eggs,4,-0.03291203568186158
Tajikistan,Eggs,12,-0.032389618797136095
Timor-Leste,Eggs,2,-0.032297257439593136
Turkey,Eggs,3,-0.03230651385789834
Ukraine,Eggs,2,-0.03227026506863694
Yemen,Eggs,4,-0.03214973453997069
StateofPalestine,Eggs,2,-0.03206462425558279
Egypt,Eggs,3,-0.032102796966565164
Algeria,Meat,1,-0.032125328314733824
Armenia,Meat,4,-0.03241642853458808
Bolivia,Meat,6,-0.032486000712285155
Cambodia,Meat,2,-0.03253164819561023
CentralAfricanRepublic,Meat,0,-0.03253164819561023
Colombia,Meat,11,-0.03260710940635384
Congo,Meat,4,-0.03278328140606531
Coted'Ivoire,Meat,0,-0.03278328140606531
DemocraticRepublicoftheCongo,Meat,8,-0.03279248799956544
Gambia,Meat,3,-0.032843289166948744
Guatemala,Meat,7,-0.03299173584335028
Guinea,Meat,4,-0.03308254762507839
Indonesia,Meat,9,-0.03167305593549092
Jordan,Meat,4,-0.03215618482071293
Kyrgyzstan,Meat,11,-0.03255827494228094
LaoPeople'sDemocraticRepublic,Meat,4,-0.032839950602791275
Lebanon,Meat,4,-0.03309328489421869
Myanmar,Meat,4,-0.015224252653548528
Pakistan,Meat,3,-0.015303777340459157
Peru,Meat,10,-0.015237481838198242
Philippines,Meat,8,-0.01524473860852526
Rwanda,Meat,5,-0.015210928120753345
Somalia,Meat,0,-0.015210928120753345
SyrianArabRepublic,Meat,0,-0.015210928120753345
Tajikistan,Meat,14,-0.015166178451995456
Timor-Leste,Meat,2,-0.015157411183652538
Turkey,Meat,3,-0.0151453171222882
Ukraine,Meat,2,-0.015141445593014448
StateofPalestine,Meat,2,-0.015244729695631492
Egypt,Meat,6,-0.015222904748277866
Algeria,Sugar,1,-0.015214021138524254
Armenia,Sugar,4,-0.01513460987085342
Azerbaijan,Sugar,3,-0.015080499904439383
Bolivia,Sugar,1,-0.01506218213222084
Colombia,Sugar,11,-0.014981035528787373
DemocraticRepublicoftheCongo,Sugar,7,-0.014981656858067077
Djibouti,Sugar,4,-0.014897189742046285
Ethiopia,Sugar,2,-0.014914617110711204
Gambia,Sugar,3,-0.014850217956698369
Guatemala,Sugar,7,-0.014740361124861401
Guinea-Bissau,Sugar,8,-0.014590087743963748
Guinea,Sugar,5,-0.014511096611364183
Haiti,Sugar,0,-0.014511096611364183
India,Sugar,18,-0.018058158613879452
Indonesia,Sugar,9,-0.018386030941410142
Iran(IslamicRepublicof),Sugar,0,-0.018386030941410142
Iraq,Sugar,4,-0.018342357059156326
Jordan,Sugar,4,-0.018272599419301535
Kyrgyzstan,Sugar,7,-0.018146783552542026
LaoPeople'sDemocraticRepublic,Sugar,2,-0.018110776406253234
Lebanon,Sugar,4,-0.018034888900799004
Madagascar,Sugar,5,-0.01797007995877758
Mauritania,Sugar,8,-0.018188846556946185
Mozambique,Sugar,13,-0.018008708574480795
Pakistan,Sugar,3,-0.018091677161050854
Peru,Sugar,10,-0.017963985901705417
SriLanka,Sugar,4,-0.01790366099616025
Swaziland,Sugar,5,-0.017811260613946087
SyrianArabRepublic,Sugar,5,-0.01774301761751038
Tajikistan,Sugar,14,-0.01749782075701725
Turkey,Sugar,3,-0.01749745700203215
Ukraine,Sugar,2,-0.01748056388994487
Yemen,Sugar,4,-0.017433967846373008
Zimbabwe,Sugar,0,-0.017433967846373008
StateofPalestine,Sugar,2,-0.01740102067006688
Egypt,Sugar,6,-0.017417207213947072
Algeria,Lentils,1,-0.017411355584722586
Armenia,Lentils,4,-0.01736158803698578
Bangladesh,Lentils,11,-0.017537142226040088
Colombia,Lentils,11,-0.017461446121098505
Ethiopia,Lentils,2,-0.01747086325539235
India,Lentils,4,-0.01791194698899409
Iran(IslamicRepublicof),Lentils,0,-0.01791194698899409
Jordan,Lentils,4,-0.017865022306313063
Lebanon,Lentils,3,-0.017827680334027096
Pakistan,Lentils,3,-0.01788468441905481
SyrianArabRepublic,Lentils,5,-0.01782991560780494
Turkey,Lentils,3,-0.017828619865667233
Yemen,Lentils,4,-0.017791846529547576
StateofPalestine,Lentils,2,-0.017769765130073195
Egypt,Lentils,6,-0.01777813973864388
Algeria,Pasta,1,-0.017769230381562796
Armenia,Pasta,4,-0.017720707402672706
Colombia,Pasta,3,-0.017707646813689068
Djibouti,Pasta,4,-0.017640658957930214
Ethiopia,Pasta,2,-0.01764814110956854
Guatemala,Pasta,7,-0.017575786048459913
Haiti,Pasta,0,-0.017575786048459913
Jordan,Pasta,0,-0.017575786048459913
Lebanon,Pasta,4,-0.01751485716025355
Somalia,Pasta,0,-0.01751485716025355
SyrianArabRepublic,Pasta,1,-0.017502705755975324
Turkey,Pasta,3,-0.017501454274114415
Ukraine,Pasta,2,-0.01748423947655992
Egypt,Pasta,6,-0.017497835251626164
Algeria,Tomatoes,1,-0.017489427372030904
Armenia,Tomatoes,4,-0.017439706927988196
Colombia,Tomatoes,4,-0.017410446220076252
Gambia,Tomatoes,3,-0.017354778274434327
Guatemala,Tomatoes,7,-0.017284184027029248
Guinea,Tomatoes,4,-0.017215903390656498
India,Tomatoes,4,-0.017852289568692014
Jordan,Tomatoes,4,-0.017789271761808678
Lebanon,Tomatoes,3,-0.0177594406386702
Myanmar,Tomatoes,4,-0.018517988075540472
Philippines,Tomatoes,7,-0.018542022283576615
Rwanda,Tomatoes,4,-0.01847221626236903
SyrianArabRepublic,Tomatoes,2,-0.018444438620315667
Turkey,Tomatoes,3,-0.01844221000244637
Yemen,Tomatoes,4,-0.018396514241381716
StateofPalestine,Tomatoes,2,-0.018366229689831717
Egypt,Tomatoes,6,-0.018378724210163584
Algeria,Oil,1,-0.018371084921768307
Armenia,Oil,4,-0.01834026732944323
Bangladesh,Oil,11,-0.018500074542166026
Cambodia,Oil,2,-0.018473112441503986
CentralAfricanRepublic,Oil,3,-0.01843894159114235
Colombia,Oil,11,-0.018409170246344038
Congo,Oil,4,-0.018359669533324116
Coted'Ivoire,Oil,0,-0.018359669533324116
DemocraticRepublicoftheCongo,Oil,8,-0.01834061289396096
Djibouti,Oil,4,-0.01829084225039167
Gambia,Oil,3,-0.018253203579656267
Guatemala,Oil,7,-0.018220078935210014
Guinea-Bissau,Oil,9,-0.01813112972884468
Guinea,Oil,6,-0.01805851286040201
Haiti,Oil,4,-0.018020635964083195
India,Oil,18,-0.019498408579175185
Indonesia,Oil,9,-0.019715331068610797
Iran(IslamicRepublicof),Oil,0,-0.019715331068610797
Iraq,Oil,3,-0.019694981393850626
Jordan,Oil,5,-0.01970295850392236
Kenya,Oil,10,-0.01965500698142342
Kyrgyzstan,Oil,7,-0.019578038427149703
LaoPeople'sDemocraticRepublic,Oil,2,-0.019557703493597933
Lebanon,Oil,4,-0.019511875246675237
Lesotho,Oil,6,-0.01945929125886617
Liberia,Oil,9,-0.019330276928495583
Madagascar,Oil,5,-0.01928901520676639
Mauritania,Oil,8,-0.01981703044041447
Mozambique,Oil,13,-0.019708138659342955
Myanmar,Oil,8,-0.020601558659008135
Nigeria,Oil,2,-0.020442780988773633
Pakistan,Oil,3,-0.020481187842484292
Peru,Oil,10,-0.020404199560790485
Somalia,Oil,4,-0.02069301644186893
Swaziland,Oil,5,-0.02063589919978803
SyrianArabRepublic,Oil,5,-0.020592066675511108
Tajikistan,Oil,14,-0.02040510669785671
Timor-Leste,Oil,2,-0.02037581583570946
Turkey,Oil,3,-0.020376458401676244
Uganda,Oil,1,-0.020369331117084104
Ukraine,Oil,2,-0.020354273990104404
Yemen,Oil,4,-0.020320515760049666
Zimbabwe,Oil,2,-0.02029920758942825
StateofPalestine,Oil,2,-0.020278002884448178
Egypt,Oil,6,-0.020281316004167643
SouthSudan,Oil,3,-0.020284354494650377
Algeria,Cheese,1,-0.02027806081966256
Armenia,Cheese,4,-0.020293179510167108
Colombia,Cheese,3,-0.020290601398810882
Guatemala,Cheese,7,-0.020422851227548833
Jordan,Cheese,4,-0.020473488880769948
Lebanon,Cheese,4,-0.020549726867840963
SyrianArabRepublic,Cheese,0,-0.020549726867840963
Turkey,Cheese,1,-0.020550237027960445
StateofPalestine,Cheese,2,-0.020572724306182254
Egypt,Cheese,1,-0.02057347849128589
Algeria,Carrots,1,-0.02056428107081231
Armenia,Carrots,4,-0.02049039440330018
Colombia,Carrots,3,-0.020464436024469235
Gambia,Carrots,3,-0.02041894415976644
Kyrgyzstan,Carrots,7,-0.02028452800047185
Philippines,Carrots,8,-0.020302381714652214
Rwanda,Carrots,4,-0.020234006937151962
Tajikistan,Carrots,14,-0.019972852287028754
Ukraine,Carrots,2,-0.019954882619994407
Algeria,Onions,1,-0.019945929672632437
Armenia,Onions,4,-0.019875347472235114
Cameroon,Onions,5,-0.019808096460406512
Colombia,Onions,4,-0.019777518086967264
Gambia,Onions,3,-0.019726945049614458
Guatemala,Onions,7,-0.019647146711603794
India,Onions,4,-0.02025920152925248
Jordan,Onions,4,-0.020196874951625785
Kyrgyzstan,Onions,6,-0.020085976233221586
Myanmar,Onions,4,-0.020910982735641712
Philippines,Onions,7,-0.020924960774684854
Rwanda,Onions,4,-0.02086395419885992
Tajikistan,Onions,12,-0.02064056843303946
Turkey,Onions,3,-0.020635952577989492
Ukraine,Onions,2,-0.02061783939538559
Yemen,Onions,4,-0.020571059914067998
StateofPalestine,Onions,2,-0.02053819517329442
Egypt,Onions,6,-0.020545464632004105
Algeria,Bananas,1,-0.020539912394366793
Colombia,Bananas,3,-0.020515180419847814
Gambia,Bananas,3,-0.020460094609503685
Guatemala,Bananas,7,-0.02036727186216979
Jordan,Bananas,4,-0.020311045139807703
Rwanda,Bananas,8,-0.020175873221986752
Turkey,Bananas,3,-0.020173673669359887
StateofPalestine,Bananas,2,-0.020147925828874005
Algeria,Tea,1,-0.020143046666362782
Gambia,Tea,3,-0.02009270841207579
India,Tea,3,-0.019938860734787577
Kyrgyzstan,Tea,6,-0.019881688752071476
SyrianArabRepublic,Tea,4,-0.019946740593478285
Tajikistan,Tea,14,-0.019815129032253406
Turkey,Tea,3,-0.019815452614838885
StateofPalestine,Tea,2,-0.01981031741005833
Algeria,Fuel(petrol-gasoline),1,-0.019800230516314382
Armenia,Fuel(petrol-gasoline),16,-0.019533563523097344
Colombia,Fuel(petrol-gasoline),3,-0.01951378849982776
DemocraticRepublicoftheCongo,Fuel(petrol-gasoline),2,-0.019512782226378582
Ethiopia,Fuel(petrol-gasoline),2,-0.019518832391842413
Gambia,Fuel(petrol-gasoline),3,-0.01947727091450766
Guatemala,Fuel(petrol-gasoline),7,-0.01938637918008858
Kenya,Fuel(petrol-gasoline),2,-0.019373463623748817
Kyrgyzstan,Fuel(petrol-gasoline),2,-0.019341856202046682
LaoPeople'sDemocraticRepublic,Fuel(petrol-gasoline),2,-0.01931394210900944
Liberia,Fuel(petrol-gasoline),7,-0.01921612631396441
Madagascar,Fuel(petrol-gasoline),2,-0.01919653511700363
Nigeria,Fuel(petrol-gasoline),2,-0.01923561321129137
Pakistan,Fuel(petrol-gasoline),2,-0.01927563439958037
SriLanka,Fuel(petrol-gasoline),3,-0.019241497455833548
Tajikistan,Fuel(petrol-gasoline),1,-0.019226859776386877
Timor-Leste,Fuel(petrol-gasoline),2,-0.019197454167304732
Turkey,Fuel(petrol-gasoline),1,-0.019196918973993806
Ukraine,Fuel(petrol-gasoline),2,-0.01918365682976349
Yemen,Fuel(petrol-gasoline),3,-0.019153750726051078
StateofPalestine,Fuel(petrol-gasoline),0,-0.019153750726051078
SouthSudan,Fuel(petrol-gasoline),4,-0.019140936187062953
Algeria,Fish,1,-0.019144566058771077
Armenia,Fish,4,-0.019161598885968713
Colombia,Fish,3,-0.01917814841162677
Congo,Fish,4,-0.01920715572748493
Coted'Ivoire,Fish,0,-0.01920715572748493
DemocraticRepublicoftheCongo,Fish,8,-0.019214169422498942
Gambia,Fish,3,-0.019161624768133843
Guinea,Fish,0,-0.019161624768133843
Jordan,Fish,0,-0.019161624768133843
LaoPeople'sDemocraticRepublic,Fish,2,-0.019155485687701913
Lebanon,Fish,4,-0.019196367281247476
Philippines,Fish,8,-0.019208748714790565
SyrianArabRepublic,Fish,0,-0.019208748714790565
Turkey,Fish,3,-0.019210215090582634
StateofPalestine,Fish,2,-0.019221449459724503
Algeria,Apples,1,-0.01921733299974551
Armenia,Apples,4,-0.0191735246843062
Colombia,Apples,3,-0.01915753071694971
Gambia,Apples,3,-0.019125801670099325
Jordan,Apples,4,-0.01910485628874154
Kyrgyzstan,Apples,2,-0.019077586564425236
Rwanda,Apples,4,-0.019068433699211705
Turkey,Apples,3,-0.019066514479441042
StateofPalestine,Apples,2,-0.01904583651867439
Algeria,Milk,1,-0.019039385476496883
Armenia,Milk,4,-0.018980011934212056
Azerbaijan,Milk,3,-0.01893517170808102
Colombia,Milk,5,-0.018938893778018058
Ethiopia,Milk,2,-0.018944570145409605
Gambia,Milk,3,-0.01889332961736956
Guatemala,Milk,7,-0.018942191513166732
India,Milk,4,-0.019503549356619715
Indonesia,Milk,9,-0.01909510369620339
Jordan,Milk,4,-0.019051338562782856
Kenya,Milk,10,-0.01897334193506165
Kyrgyzstan,Milk,7,-0.018860217284785912
Lebanon,Milk,4,-0.018936960846502447
Pakistan,Milk,2,-0.01897553735840245
Rwanda,Milk,4,-0.018915397678733653
Somalia,Milk,0,-0.018915397678733653
Tajikistan,Milk,12,-0.018730633803476095
Turkey,Milk,3,-0.01872970156383087
Ukraine,Milk,2,-0.018715011271447316
StateofPalestine,Milk,2,-0.018807563672046418
Armenia,Flour,5,-0.018733130524054585
Azerbaijan,Flour,4,-0.01867349089548959
Bangladesh,Flour,11,-0.0188323124709157
Benin,Flour,9,-0.018700814326475385
Bhutan,Flour,7,-0.01858033515878711
Burundi,Flour,13,-0.01838053867572227
CapeVerde,Flour,4,-0.01831783721534473
CentralAfricanRepublic,Flour,9,-0.018203127360206527
Colombia,Flour,11,-0.018134563503261654
Congo,Flour,5,-0.018073174725040976
DemocraticRepublicoftheCongo,Flour,8,-0.01805682879361765
Djibouti,Flour,8,-0.01793461652429324
Ethiopia,Flour,2,-0.01794145225500017
Gambia,Flour,3,-0.017900720586528696
Georgia,Flour,5,-0.017828413437830502
Guinea,Flour,3,-0.017788480067085586
Haiti,Flour,11,-0.01764403529193008
Honduras,Flour,7,-0.017550832671007505
India,Flour,4,-0.01814611730592179
Iraq,Flour,4,-0.018110210637294212
Kyrgyzstan,Flour,7,-0.01800948144267483
Lebanon,Flour,1,-0.0179963483658412
Lesotho,Flour,6,-0.01792835688470568
Madagascar,Flour,5,-0.017879022651639983
Mozambique,Flour,5,-0.017833182647379764
Pakistan,Flour,12,-0.018039433927073727
Peru,Flour,10,-0.017962888443401197
Rwanda,Flour,8,-0.01785885446469947
Somalia,Flour,1,-0.017901874043384378
SriLanka,Flour,12,-0.017768385613721814
Swaziland,Flour,8,-0.01766371828440623
SyrianArabRepublic,Flour,5,-0.017612473558004858
Tajikistan,Flour,14,-0.017420557619524785
Timor-Leste,Flour,2,-0.017416618420447994
Turkey,Flour,3,-0.017415745461480458
Uganda,Flour,6,-0.01736929838141255
Ukraine,Flour,2,-0.017356452258078615
Yemen,Flour,7,-0.01728947365711964
Zambia,Flour,4,-0.017240928718089934
Zimbabwe,Flour,2,-0.017218128596667128
StateofPalestine,Flour,0,-0.017218128596667128
Egypt,Flour,6,-0.01722885639800173
SouthSudan,Flour,7,-0.01719417646857927
Armenia,Cabbage,4,-0.017135943456566115
Colombia,Cabbage,3,-0.017118366547689015
Gambia,Cabbage,3,-0.01708294541275759
Kyrgyzstan,Cabbage,7,-0.01698723269847991
Lebanon,Cabbage,3,-0.01694753760679909
Philippines,Cabbage,8,-0.016969924046836567
Rwanda,Cabbage,4,-0.016915911126399924
Tajikistan,Cabbage,14,-0.016729293927516785
Turkey,Cabbage,3,-0.016728979890949177
Ukraine,Cabbage,2,-0.016716619571881433
Armenia,Cucumbers,4,-0.016674809581580283
Colombia,Cucumbers,3,-0.016659194953590282
Jordan,Cucumbers,4,-0.016615408280976775
Lebanon,Cucumbers,1,-0.01660405864598907
Rwanda,Cucumbers,4,-0.016558192766927382
Turkey,Cucumbers,3,-0.01655810490145361
StateofPalestine,Cucumbers,2,-0.01653642231732805
Armenia,Fuel(kerosene),3,-0.01651581441844087
Djibouti,Fuel(kerosene),4,-0.016472208389805114
Ethiopia,Fuel(kerosene),2,-0.01647923765391179
Gambia,Fuel(kerosene),3,-0.016444259254551313
Indonesia,Fuel(kerosene),7,-0.016636319214198544
Kenya,Fuel(kerosene),2,-0.01662624828752878
Madagascar,Fuel(kerosene),3,-0.016603468712111893
Timor-Leste,Fuel(kerosene),2,-0.016574804029006924
Benin,Sorghum,13,-0.016411912416968596
BurkinaFaso,Sorghum,14,-0.01624651794671257
Cameroon,Sorghum,5,-0.016195210604065334
CentralAfricanRepublic,Sorghum,2,-0.016169096749243408
Chad,Sorghum,13,-0.01601036625313586
Djibouti,Sorghum,4,-0.015962384578652008
Ethiopia,Sorghum,11,-0.01598560037697961
Gambia,Sorghum,10,-0.015852872240746926
Guinea-Bissau,Sorghum,9,-0.015762416713804794
Haiti,Sorghum,0,-0.015762416713804794
Honduras,Sorghum,9,-0.015653863033713085
Kenya,Sorghum,10,-0.015594103840350442
Mali,Sorghum,13,-0.01544952356912075
Mauritania,Sorghum,8,-0.01559087859586597
Niger,Sorghum,22,-0.015343636306164926
Nigeria,Sorghum,13,-0.015489100141545472
Rwanda,Sorghum,8,-0.01539929580486436
Senegal,Sorghum,16,-0.015220977909974027
Somalia,Sorghum,4,-0.015305875137068686
Uganda,Sorghum,5,-0.01527375972484015
Zambia,Sorghum,4,-0.015235534091579017
Zimbabwe,Sorghum,2,-0.015215506343210738
Sudan,Sorghum,13,-0.015124431032998195
SouthSudan,Sorghum,10,-0.015023618011182103
Benin,Maize,13,-0.014873416274680138
BurkinaFaso,Maize,14,-0.014726275379413593
Burundi,Maize,9,-0.014626533569751157
Cameroon,Maize,5,-0.014582241970744236
CentralAfricanRepublic,Maize,12,-0.014443377320598524
Chad,Maize,13,-0.014306860609808425
Colombia,Maize,11,-0.014258991564799308
CostaRica,Maize,9,-0.01416225501289101
Coted'Ivoire,Maize,0,-0.01416225501289101
DemocraticRepublicoftheCongo,Maize,8,-0.0141571274560889
ElSalvador,Maize,11,-0.014033307995258374
Ethiopia,Maize,11,-0.014063234617294902
Gambia,Maize,10,-0.01394836508704452
Ghana,Maize,8,-0.013886850252536635
Guatemala,Maize,14,-0.013750461580838076
Guinea-Bissau,Maize,9,-0.013700170133496146
Guinea,Maize,1,-0.013691327651717482
Honduras,Maize,9,-0.013596283598372599
Kenya,Maize,10,-0.013549023104319853
Kyrgyzstan,Maize,4,-0.013505210299192653
Malawi,Maize,13,-0.013378751118517967
Mali,Maize,13,-0.013256351308188504
Mozambique,Maize,13,-0.013153070715170644
Myanmar,Maize,4,-0.013338118955267667
Niger,Maize,22,-0.013129169567586063
Nigeria,Maize,13,-0.01326415237090068
Panama,Maize,9,-0.013168489864795347
Peru,Maize,10,-0.013123713766071302
Rwanda,Maize,8,-0.013045886434417144
Senegal,Maize,16,-0.012893965151640843
Somalia,Maize,2,-0.01298510453858799
Swaziland,Maize,12,-0.012846554063569583
Tajikistan,Maize,14,-0.012704731438150443
Timor-Leste,Maize,5,-0.012664842152259425
Uganda,Maize,5,-0.012639495209911202
UnitedRepublicofTanzania,Maize,10,-0.012603274091052713
Zambia,Maize,13,-0.012482255650485538
Zimbabwe,Maize,6,-0.012430284477346797
SouthSudan,Maize,9,-0.012354343595559496
Benin,Millet,10,-0.01225647927070791
BurkinaFaso,Millet,24,-0.012040723105625935
CentralAfricanRepublic,Millet,12,-0.011935751098476456
Chad,Millet,13,-0.01182307806732104
Djibouti,Millet,4,-0.01178803203733521
Gambia,Millet,10,-0.011688221708117083
Guinea-Bissau,Millet,8,-0.011630010297925895
Mali,Millet,13,-0.01152329891194214
Niger,Millet,22,-0.011338820771634842
Nigeria,Millet,13,-0.011466073923922107
Senegal,Millet,16,-0.011331157548678973
Uganda,Millet,5,-0.011311015346385126
Zambia,Millet,4,-0.011281038647985176
Zimbabwe,Millet,2,-0.011266600026651964
Sudan,Millet,13,-0.011202429999362292
SouthSudan,Millet,10,-0.011136131005424271
Bolivia,Noodles,6,-0.011102099894501477
Burundi,Sweetpotatoes,13,-0.010981398933946755
DemocraticRepublicoftheCongo,Sweetpotatoes,2,-0.010984284719177657
Gambia,Sweetpotatoes,2,-0.010965324921112359
Philippines,Sweetpotatoes,8,-0.010998581427714597
Rwanda,Sweetpotatoes,8,-0.010927383588731684
Cameroon,Groundnuts,5,-0.010900058835977437
CentralAfricanRepublic,Groundnuts,3,-0.010879003340490245
Congo,Groundnuts,4,-0.010867423676802433
Coted'Ivoire,Groundnuts,0,-0.010867423676802433
DemocraticRepublicoftheCongo,Groundnuts,2,-0.010869565886483357
Gambia,Groundnuts,10,-0.01078280406073412
Guinea,Groundnuts,0,-0.01078280406073412
Malawi,Groundnuts,4,-0.010761762850226411
Mozambique,Groundnuts,13,-0.010704472188009335
Nigeria,Groundnuts,2,-0.01072785002508201
Philippines,Groundnuts,2,-0.010730488588752193
Rwanda,Groundnuts,4,-0.010710901779002741
Turkey,Groundnuts,3,-0.010704649693898489
Zambia,Groundnuts,4,-0.010691481346941393
Zimbabwe,Groundnuts,2,-0.010679914050608707
SouthSudan,Groundnuts,9,-0.010691781881123975
Cameroon,Sesame,5,-0.010665645752558435
CentralAfricanRepublic,Sesame,2,-0.010650627980916904
SouthSudan,Sesame,9,-0.010598517150752768
Cameroon,Peas,5,-0.010570001248733635
Colombia,Peas,11,-0.01054471822672085
Ethiopia,Peas,2,-0.010553868570620835
Gambia,Peas,3,-0.010545753023426942
Kyrgyzstan,Peas,4,-0.01051735404131467
Lesotho,Peas,6,-0.010492850059523893
Rwanda,Peas,5,-0.010467286013058486
Tajikistan,Peas,0,-0.010467286013058486
Yemen,Peas,4,-0.010453169846635886
Cameroon,Soybeans,3,-0.010434994060737966
Myanmar,Soybeans,4,-0.010691854116933424
Rwanda,Soybeans,4,-0.010662914825083285
Cameroon,Cassava,5,-0.010629525349214986
CentralAfricanRepublic,Cassava,12,-0.010524191317835907
Colombia,Cassava,3,-0.010517210785379653
Congo,Cassava,5,-0.010478974289313983
Coted'Ivoire,Cassava,0,-0.010478974289313983
DemocraticRepublicoftheCongo,Cassava,8,-0.010483492196872028
Gambia,Cassava,3,-0.010456764120304555
Ghana,Cassava,8,-0.010407580374162909
Liberia,Cassava,8,-0.01032867829663344
Malawi,Cassava,4,-0.010299823742290366
Rwanda,Cassava,8,-0.010236126752512039
Timor-Leste,Cassava,3,-0.010209812909500949
SouthSudan,Cassava,7,-0.01016176139719718
Colombia,Garlic,3,-0.010157528755922096
Gambia,Garlic,3,-0.010145129858375727
Jordan,Garlic,4,-0.010143039691400943
LaoPeople'sDemocraticRepublic,Garlic,2,-0.010133268115760298
Myanmar,Garlic,4,-0.01014244383223901
Philippines,Garlic,7,-0.010131761080922907
Rwanda,Garlic,4,-0.010135561194284423
Turkey,Garlic,3,-0.010134164263588444
Egypt,Garlic,6,-0.010147870930064544
Colombia,Plantains,4,-0.010138959091105357
Congo,Plantains,1,-0.010132619115879708
Coted'Ivoire,Plantains,0,-0.010132619115879708
DemocraticRepublicoftheCongo,Plantains,8,-0.010137465880719112
Ghana,Plantains,8,-0.010160369871068404
Guatemala,Plantains,7,-0.010122088498374968
Colombia,Cocoa,3,-0.010132252345828378
Coted'Ivoire,Cocoa,0,-0.010132252345828378
Liberia,Cocoa,4,-0.010109133476172009
Colombia,Coffee,10,-0.010280363275315113
Gambia,Coffee,3,-0.010264805728931405
Guatemala,Coffee,7,-0.010340049169964664
Turkey,Coffee,3,-0.010314791537311683
Colombia,Salt,3,-0.010307571059658564
DemocraticRepublicoftheCongo,Salt,7,-0.010313463352806855
Gambia,Salt,3,-0.010283833655770794
Guatemala,Salt,7,-0.010233013904988982
Guinea-Bissau,Salt,3,-0.010205003735605345
Guinea,Salt,4,-0.01017398093480823
India,Salt,4,-0.010736637116387613
Kyrgyzstan,Salt,4,-0.010699823984687799
Lebanon,Salt,3,-0.010673307169895105
Myanmar,Salt,8,-0.010812770002816005
Pakistan,Salt,2,-0.010852443183956601
Swaziland,Salt,5,-0.010807233065212349
SyrianArabRepublic,Salt,0,-0.010807233065212349
Tajikistan,Salt,14,-0.010678906100658627
Turkey,Salt,3,-0.01068441767009252
Yemen,Salt,4,-0.010660603919459206
StateofPalestine,Salt,2,-0.01064405825735757
Colombia,Chickpeas,11,-0.010625786713247869
Jordan,Chickpeas,4,-0.010614917393113528
Lebanon,Chickpeas,1,-0.010610346960133717
Myanmar,Chickpeas,8,-0.010807598236299542
SyrianArabRepublic,Chickpeas,1,-0.010803908323555865
Tajikistan,Chickpeas,0,-0.010803908323555865
Turkey,Chickpeas,3,-0.010805909855010985
StateofPalestine,Chickpeas,2,-0.010802737466994537
Colombia,Cauliflower,3,-0.010796429408065519
Rwanda,Cauliflower,4,-0.010766387220324827
Turkey,Cauliflower,3,-0.010771439042460342
StateofPalestine,Cauliflower,2,-0.010758467439477974
Colombia,Oranges,3,-0.010751296169318752
Gambia,Oranges,3,-0.010723760536261069
Jordan,Oranges,4,-0.01070275205025376
Rwanda,Oranges,4,-0.010675233164933828
Turkey,Oranges,3,-0.010680203379630108
StateofPalestine,Oranges,2,-0.010666048732073526
Colombia,Spinach,1,-0.010663855576047312
Jordan,Spinach,0,-0.010663855576047312
Lebanon,Spinach,1,-0.0106568202621725
Rwanda,Spinach,5,-0.010616975692675485
Turkey,Spinach,1,-0.010618861134929948
Colombia,Guava,1,-0.010616698763469707
Rwanda,Guava,5,-0.010575533105578544
Colombia,Papaya,1,-0.010573385382718441
Rwanda,Papaya,5,-0.010535741115830326
Colombia,Blackberry,1,-0.010533812688617908
Colombia,Broccoli,1,-0.01053179282591051
Colombia,Mangoes,1,-0.010529984216436543
Rwanda,Mangoes,5,-0.01049572102354678
Colombia,Pumpkin,1,-0.010493469076973017
Coted'Ivoire,Yam,0,-0.010493469076973017
Ghana,Yam,8,-0.011788197898118994
Nigeria,Yam,2,-0.011816079249382369
Coted'Ivoire,Cornstarch,0,-0.011816079249382369
Coted'Ivoire,Cashew,0,-0.011816079249382369
Gambia,Cashew,2,-0.01180025183911237
Coted'Ivoire,Cotton,0,-0.01180025183911237
DemocraticRepublicoftheCongo,Transport(public),5,-0.011806432661772934
Turkey,Transport(public),0,-0.011806432661772934
Gambia,Fonio,2,-0.011793648627299438
Guinea-Bissau,Fonio,9,-0.01174731690658836
Guinea,Fonio,0,-0.01174731690658836
Mali,Fonio,2,-0.011735236588960281
Guatemala,Tortilla(maize),15,-0.011645233981920506
India,Butter,1,-0.011736938195813356
Pakistan,Butter,3,-0.011766248743989492
Ukraine,Butter,2,-0.011767935067870229
Egypt,Butter,6,-0.01176454315206284
Indonesia,Chili,9,-0.011849939677875515
Rwanda,Chili,4,-0.011829719318732236
Jordan,Pulses,2,-0.01181914190697809
Myanmar,Pulses,4,-0.011813329978371867
Jordan,Bulgur,0,-0.011813329978371867
Lebanon,Bulgur,4,-0.011785066202538321
SyrianArabRepublic,Bulgur,1,-0.011779179856478727
Turkey,Bulgur,3,-0.01178421501459753
Lebanon,Lettuce,3,-0.011759477300975277
Liberia,Cowpeas,4,-0.011731121402170822
Mozambique,Cowpeas,5,-0.011706502741650327
Nigeria,Cowpeas,2,-0.011736809991926694
Zimbabwe,Cowpeas,2,-0.011724097917286591
Nigeria,Gari,2,-0.011757385304611498
Rwanda,Peppers(green),5,-0.01172230651590671
Rwanda,Eggplants,7,-0.011664252492269917
Turkey,Eggplants,1,-0.011666391663897957
Rwanda,Charcoal,8,-0.011760476396457466
Rwanda,Passionfruit,8,-0.011709163359352591
Rwanda,Zucchini,5,-0.011669033162753415
Turkey,Zucchini,0,-0.011669033162753415
Rwanda,Avocados,4,-0.011636020238676008
SyrianArabRepublic,Dates,0,-0.011636020238676008
SyrianArabRepublic,Fuel(gas),3,-0.01162223648898347
Turkey,Fuel(gas),1,-0.011616263715697416
Yemen,Fuel(gas),0,-0.011616263715697416
SyrianArabRepublic,Yogurt,0,-0.011616263715697416
Turkey,Yogurt,1,-0.011617895471173
StateofPalestine,Yogurt,2,-0.011611775939158278
SyrianArabRepublic,Parsley,0,-0.011611775939158278
Turkey,Cocoa(powder),3,-0.011584293482429515
Turkey,Electricity,0,-0.011584293482429515
Turkey,Water,0,-0.011584293482429515
StateofPalestine,Water,2,-0.011570101238064814
Ukraine,Curd,2,-0.011569881414616491
Ukraine,Sourcream,2,-0.01156628069092127
Ukraine,Beetroots,2,-0.011560729787183591
Ukraine,Buckwheatgrits,2,-0.011556096026541283
Ukraine,Fat(salo),2,-0.01155323035245665
StateofPalestine,Labaneh,2,-0.011555964018845143
SouthSudan,Exchangerate(unofficial),3,-0.011543665057597723
